{"cameraMode":{"drawMode":0,"name":"Shaded","section":"Shading Mode"},"sceneLighting":false,"audioPlay":false,"sceneViewState":{"showFog":true,"showMaterialUpdate":true,"showSkybox":false,"showFlares":true,"showImageEffects":true,"showParticleSystems":true},"in2DMode":false,"pivot":{"x":-5.438191890716553,"y":1.0128073692321778,"z":-0.2839728593826294},"rotation":{"x":0.6084147691726685,"y":-0.007116167340427637,"z":0.005517138633877039,"w":0.7937265038490295},"size":6.057162284851074,"orthographic":false}