{"cameraMode":{"drawMode":0,"name":"Shaded","section":"Shading Mode"},"sceneLighting":false,"audioPlay":false,"sceneViewState":{"showFog":true,"showMaterialUpdate":true,"showSkybox":true,"showFlares":true,"showImageEffects":true,"showParticleSystems":true},"in2DMode":false,"pivot":{"x":-1.6736865043640137,"y":0.2030780166387558,"z":1.125413417816162},"rotation":{"x":0.30816221237182619,"y":0.03997403383255005,"z":-0.012852105312049389,"w":0.9505507946014404},"size":25.629196166992189,"orthographic":false}